Country,Athelete
Algeria,Taoufik Makhloufi
Argentina,Agustín Mazzilli
Argentina,Cecilia Carranza Saroli
Argentina,Facundo Callioni
Argentina,Gonzalo Peillat
Argentina,Ignacio Ortiz
Argentina,Isidoro Ibarra
Argentina,Joaquín Menini
Argentina,Juan Ignacio Gilardi
Argentina,Juan Manuel Saladino
Argentina,Juan Manuel Vivaldi
Argentina,Juan Martín del Potro
Argentina,Juan Martín López
Argentina,Luca Masso
Argentina,Lucas Rey
Argentina,Lucas Rossi
Argentina,Lucas Vila
Argentina,Manuel Brunet
Argentina,Matías Paredes
Argentina,Matías Rey
Argentina,Paula Pareto
Argentina,Pedro Ibarra
Argentina,Santiago Lange
Armenia,Artur Aleksanyan
Armenia,Gor Minasyan
Armenia,Migran Arutyunyan
Armenia,Simon Martirosyan
Australia,Alec Potts
Australia,Alexander Belonogoff
Australia,Alexander Edmondson
Australia,Alexander Hill
Australia,Alicia Quirk
Australia,Amy Turner
Australia,Anabelle Smith
Australia,Anna Meares
Australia,Brittany Elmslie
Australia,Brittney Elmslie
Australia,Bronte Barratt
Australia,Bronte Campbell
Australia,Callum Scotson
Australia,Cameron Girdlestone
Australia,Cameron McEvoy
Australia,Cate Campbell
Australia,Catherine Skinner
Australia,Charlotte Caslick
Australia,Chloe Dalton
Australia,Chloe Esposito
Australia,Chris Burton
Australia,Dane Bird-Smith
Australia,David Morgon
Australia,Ellia Green
Australia,Emilee Cherry
Australia,Emily Seebohm
Australia,Emma McKeon
Australia,Emma McKeon 
Australia,Emma Tonegato
Australia,Evania Pelite
Australia,Gemma Etheridge
Australia,Iain Jensen
Australia,Jack Bobridge
Australia,Jack Packard
Australia,James Magnussen
Australia,James McRae
Australia,James Roberts
Australia,Jared Tallent
Australia,Jason Waterhouse
Australia,Jessica Ashwood
Australia,Jessica Fox
Australia,Josh Booth
Australia,Josh Dunkley-Smith
Australia,Karsten Forsterling
Australia,Ken Wallace
Australia,Kim Brennan
Australia,Kyle Chalmers
Australia,Lachlan Tame
Australia,Leah Neale
Australia,Lisa Darmanin
Australia,Mack Horton
Australia,Maddison Keeney
Australia,Madeline Groves
Australia,Madison Wilson
Australia,Mathew Belcher
Australia,Matthew Abood
Australia,Michael Hepburn
Australia,Mitch Larkin
Australia,Nathan Outteridge
Australia,Nicole Beck
Australia,Ryan Tyack
Australia,Sam Griffiths
Australia,Sam Welsford
Australia,Shane Rose
Australia,Shannon Parry
Australia,Sharni Williams
Australia,Stuart Tinney
Australia,Tamsin Cook
Australia,Taylor McKeown
Australia,Taylor Worth
Australia,Tom Burton
Australia,Will Lockwood
Australia,William Ryan
Austria,Tanja Frank
Austria,Thomas Zajac
Azerbaijan,Elmar Gasimov
Azerbaijan,Haji Aliyev
Azerbaijan,Inna Osypenko-Radomska
Azerbaijan,Jabrayil Hasanov
Azerbaijan,Kamran Shakhsuvarly
Azerbaijan,Khetag Gazyumov
Azerbaijan,Lorenzo Sotomayor
Azerbaijan,Mariya Stadnik
Azerbaijan,Milad Beigi
Azerbaijan,Nataliya Synyshyn
Azerbaijan,Patimat Abakarova
Azerbaijan,Radik Isayev
Azerbaijan,Rasul Chunayev
Azerbaijan,Rustam Orujov
Azerbaijan,Sabah Shariati
Azerbaijan,Sharif Sharifov
Azerbaijan,Toghrul Asgarov
Azerbaijan,Valentin Demyanenko
Bahamas,Alonzo Russell
Bahamas,Chris Brown
Bahamas,Michael Mathieu
Bahamas,Shaunae Miller
Bahamas,Stephen Newbold
Bahamas,Steven Gardiner
Bahrain,Eunice Kirwa
Bahrain,Ruth Jebet
Belarus,Aliaksandra Herasimenia
Belarus,Darya Naumava
Belarus,Ibrahim Saidau
Belarus,Ivan Tsikhan
Belarus,Javid Hamzatau
Belarus,Marharyta Makhneva
Belarus,Maryia Mamashuk
Belarus,Maryna Litvinchuk
Belarus,Nadzeya Liapeshka
Belarus,Uladzislau Hancharou
Belarus,Vadzim Straltsou
Belarus,Volha Khudzenka
Belgium,Arthur Van Doren
Belgium,Cédric Charlier
Belgium,Dirk Van Tichelt
Belgium,Elliot Van Strydonck
Belgium,Emmanuel Stockbroekx
Belgium,Felix Denayer
Belgium,Florent van Aubel
Belgium,Gauthier Boccard
Belgium,Greg Van Avermaet
Belgium,Jérôme Truyens
Belgium,John-John Dohmen
Belgium,Jolien D'Hoore
Belgium,Loïck Luypaert
Belgium,Nafissatou Thiam
Belgium,Pieter Timmers
Belgium,Sebastien Dockier
Belgium,Simon Gougnard
Belgium,Tanguy Cosyns
Belgium,Thomas Briels
Belgium,Tom Boon
Belgium,Vincent Vanasch
Brazil,Ágatha Bednarczuk
Brazil,Alison Cerutti
Brazil,Arthur Mariano
Brazil,Arthur Zanetti
Brazil,Bárbara Seixas
Brazil,Bruno Oscar Schmidt
Brazil,Bruno Rezende
Brazil,Diego Hypólito
Brazil,Douglas Santos
Brazil,Douglas Souza
Brazil,Éder Carbonera
Brazil,Erlon Silva
Brazil,Evandro Guerra
Brazil,Felipe Almeida Wu
Brazil,Felipe Anderson
Brazil,Gabriel
Brazil,Gabriel Jesus
Brazil,Isaquias Queiroz
Brazil,Kahena Kunze
Brazil,Luan
Brazil,Luan Garcia
Brazil,Lucas Saatkamp
Brazil,Luiz Felipe Fonteles
Brazil,Maicon Siqueira
Brazil,Marquinhos
Brazil,Martine Grael
Brazil,Maurício Silva
Brazil,Maurício Souza
Brazil,Mayra Aguiar
Brazil,Neymar
Brazil,Poliana Okimoto
Brazil,Rafael Silva
Brazil,Rafaela Silva
Brazil,Rafinha
Brazil,Renato Augusto
Brazil,Ricardo Lucarelli Souza
Brazil,Robson Conceição
Brazil,Rodrigo Caio
Brazil,Rodrigo Dourado
Brazil,Sérgio Santos
Brazil,Thiago Braz da Silva
Brazil,Thiago Maia
Brazil,Uilson
Brazil,Walace
Brazil,Wallace de Souza
Brazil,Weverton
Brazil,William
Brazil,William Arjona
Brazil,Zeca
Bulgaria,Elitsa Yankova
Bulgaria,Hristiana Todorova
Bulgaria,Lyubomira Kazanova
Bulgaria,Mihaela Maevska-Velichkova
Bulgaria,Mirela Demireva
Bulgaria,Reneta Kamberova
Bulgaria,Tsvetelina Naydenova
Burundi,Francine Niyonsaba
Canada,Aaron Brown
Canada,Akeem Haynes
Canada,Allison Beveridge
Canada,Allysha Chapman
Canada,Andre De Grasse
Canada,Ashley Lawrence
Canada,Ashley Steacy
Canada,Bianca Farella
Canada,Brendon Rodney
Canada,Brianne Theisen-Eaton
Canada,Brittany Benn
Canada,Brittany MacLean
Canada,Catharine Pendrel
Canada,Chantal Van Landeghem
Canada,Charity Williams
Canada,Christine Sinclair
Canada,Damian Warner
Canada,Deanne Rose
Canada,Derek Drouin
Canada,Desiree Scott
Canada,Diana Matheson
Canada,Eric Lamaze
Canada,Erica Wiebe
Canada,Georgia Simmerling
Canada,Ghislaine Landry
Canada,Hannah Darling
Canada,Hilary Caldwell
Canada,Janine Beckie
Canada,Jasmin Glaesser
Canada,Jen Kish
Canada,Jessie Fleming
Canada,Josée Bélanger
Canada,Kadeisha Buchanan
Canada,Karen Paquin
Canada,Katerine Savard
Canada,Kayla Moleschi
Canada,Kelly Russell
Canada,Kennedy Goss
Canada,Kirsti Lay
Canada,Kylie Masse
Canada,Laura Brown
Canada,Lindsay Jennerich
Canada,Meaghan Benfeito
Canada,Megan Lukan
Canada,Melissa Tancredi
Canada,Michelle Williams
Canada,Mobolade Ajomale
Canada,Natasha Watcham-Roy
Canada,Nichelle Prince
Canada,Patricia Obee
Canada,Penny Oleksiak
Canada,Rebecca Quinn
Canada,Rhian Wilkinson
Canada,Roseline Filion
Canada,Rosie MacLennan
Canada,Sabrina D'Angelo
Canada,Sandrine Mainville
Canada,Shelina Zadorsky
Canada,Sophie Schmidt
Canada,Stephanie Labbé
Canada,Taylor Ruck
China,Cai Zelin
China,Cao Yuan
China,Chen Aisen
China,Chen Long
China,Chen Peina
China,Chen Ruolin
China,Cheng Xunzhao
China,Deng Shudi
China,Deng Wei
China,Ding Ning
China,Ding Xia
China,Dong Bin
China,Dong Dong
China,Du Li
China,Duan Jingli
China,Fan Yilin
China,Fu Haifeng
China,Fu Yuanhui
China,Gao Lei
China,Gong Jinjie
China,Gong Xiangyu
China,Gu Xiao
China,Guo Li
China,Hao Jialu
China,He Zi
China,Hu Jianguan
China,Huang Wenyi
China,Huang Xuechen
China,Hui Ruoqi
China,Li Dan
China,Li Qian
China,Li Xiaolu
China,Li Xiaoxia
China,Li Yuehong
China,Liang Xinping
China,Lin Chaopan
China,Lin Li
China,Lin Yue
China,Liu Hong
China,Liu Huixia
China,Liu Shiwen
China,Liu Xiaotong
China,Liu Yang
China,Long Qingquan
China,Lü Xiaojun
China,Lü Xiuzhi
China,Ma Long
China,Mao Yi
China,Meng Suping
China,Pan Feihong
China,Pang Wei
China,Qin Kai
China,Ren Cancan
China,Ren Qian
China,Shang Chunsong
China,Shanshan Feng
China,Shi Jinglin
China,Shi Tingmao
China,Shi Zhiyong
China,Si Yajie
China,Sun Wenyan
China,Sun Yanan
China,Sun Yang
China,Sun Yiwen
China,Sun Yujie
China,Tan Jiaxin
China,Tang Mengni
China,Tian Tao
China,Wang Shun
China,Wang Yan
China,Wang Zhen
China,Wei Qiuyue
China,Wu Minxia
China,Xiang Yanmei
China,Xu Anqi
China,Xu Jiayu
China,Xu Xin
China,Xu Yunli
China,Yan Ni
China,Yang Fangxu
China,Yi Siling
China,Yin Chengxin
China,Yin Junhua
China,You Hao
China,Yu Song
China,Yuan Xinyue
China,Zeng Zhen
China,Zhang Binbin
China,Zhang Changning
China,Zhang Chenglong
China,Zhang Fengliu
China,Zhang Jike
China,Zhang Mengxue
China,Zhang Nan
China,Zhang Wenxiu
China,Zhao Shuai
China,Zhao Yunlei
China,Zheng Shuyin
China,Zhong Tianshi
China,Zhu Ting
Chinese Taipei,Kuo Hsing-chun
ChineseTaipei,Hsu Shu-ching
ChineseTaipei,Le Chien-ying
ChineseTaipei,Lin Shih-chia
ChineseTaipei,Tan Ya-ting
Colombia,Yuberjén Martínez
Colombia,Yuri Alvear
Columbia,Carlos Ramirez
Columbia,Caterine Ibargüen
Columbia,Ingrit Valencia
Columbia,Luis Javier Mosquera
Columbia,Mariana Pajón
Columbia,Óscar Figueroa
Croatia,An?elo Šetka
Croatia,Andro Bušlje
Croatia,Antonio Petkovi?
Croatia,Blanka Vlaši?
Croatia,Damir Buri?
Croatia,Damir Martin
Croatia,Filip Hrgovi?
Croatia,Igor Mareni?
Croatia,Ivan Krapi?
Croatia,Josip Glasnovi?
Croatia,Josip Pavi?
Croatia,Luka Buki?
Croatia,Luka Lon?ar
Croatia,Marko Bija?
Croatia,Marko Macan
Croatia,Maro Jokovi?
Croatia,Martin Sinkovi?
Croatia,Sandra Perkovi?
Croatia,Sandro Sukno
Croatia,Sara Kolak
Croatia,Šime Fantela
Croatia,Ton?i Stipanovi?
Croatia,Valent Sinkovi?
Croatia,Xavier García
Cuba,Arlen López
Cuba,Denia Caballero
Cuba,Erislandy Savón
Cuba,Idalys Ortiz
Cuba,Ismael Borrero
Cuba,Joahnys Argilagos
Cuba,Julio César La Cruz
Cuba,Lázaro Álvarez
Cuba,Mijaín López
Cuba,Robeisy Ramírez
Cuba,Yasmany Lugo
CzechRepublic,Barbora Špotáková
CzechRepublic,Barbora Strýcová
CzechRepublic,Daniel Havel
CzechRepublic,Jan Št?rba
CzechRepublic,Jaroslav Kulhavý
CzechRepublic,Ji?í Prskavec
CzechRepublic,Josef Dostál
CzechRepublic,Lucie Hradecká
CzechRepublic,Lucie Šafá?ová
CzechRepublic,Lukáš Krpálek
CzechRepublic,Lukáš Trefil
CzechRepublic,Ondrej Synek
CzechRepublic,Petra Kvitová
CzechRepublic,Radek Št?pánek
Denmark,Anne Andersen
Denmark,Anne-Marie Rindom
Denmark,Casper Ulrich Mortensen
Denmark,Casper von Folsach
Denmark,Christinna Pedersen
Denmark,Emma Jørgensen
Denmark,Frederik Madsen
Denmark,Hedvig Rasmussen
Denmark,Henrik Mollgaard
Denmark,Henrik Toft Hansen
Denmark,Jacob Barsøe
Denmark,Jacob Larsen
Denmark,Jakob Fuglsang
Denmark,Jannick Green
Denmark,Jeanette Ottesen
Denmark,Jena Mai Hansen
Denmark,Jesper Noddesbo
Denmark,Kamilla Rytter Juhl
Denmark,Kasper Sondergaard
Denmark,Kasper Winther Jørgensen
Denmark,Katja Salskov-Iversen
Denmark,Lasse Norman Hansen
Denmark,Lasse Svan Hansen
Denmark,Mads Christiansen
Denmark,Mads Mensah Larsen
Denmark,Mark Madsen
Denmark,Michael Damgaard
Denmark,Mie Nielsen
Denmark,Mikkel Hansen
Denmark,Morten Jørgensen
Denmark,Morten Olsen
Denmark,Niklas Landin Jacobsen
Denmark,Niklas Larsen
Denmark,Pernille Blume
Denmark,Rasmus Quaade
Denmark,Rene Toft Hansen
Denmark,Rikke Møller Pedersen
Denmark,Sara Petersen
Denmark,Viktor Axelsen
DominicanRepublic,Luisito Pie
Egypt,Hedaya Malak
Egypt,Mohamed Ihab
Egypt,Sara Ahmed
Estonia,Allar Raja
Estonia,Andrei Jämsä
Estonia,Kaspar Taimsoo
Estonia,Tõnu Endrekson
Ethiopia,Almaz Ayana
Ethiopia,Feyisa Lilesa
Ethiopia,Genzebe Dibaba
Ethiopia,Hagos Gebrhiwet
Ethiopia,Mare Dibaba
Ethiopia,Tamirat Tola
Ethiopia,Tirunesh Dibaba
Fiji,Apisai Domolailai
Fiji,Jasa Veremalua
Fiji,Jerry Tuwai
Fiji,Josua Tuisova
Fiji,Kitione Taliga
Fiji,Leone Nakarawa
Fiji,Masivesi Dakuwaqa
Fiji,Osea Kolinisau
Fiji,Samisoni Viriviri
Fiji,Semi Kunatani
Fiji,Vatemo Ravouvou
Fiji,Viliame Mata
Finland,Mira Potkonen
France,Adrien Dipanda
France,Alexandra Lacrabère
France,Alexis Raynaud
France,Allison Pineau
France,Amandine Leynaud
France,Astier Nicolas
France,Audrey Tcheuméo
France,Béatrice Edwige
France,Blandine Dancette
France,Camille Ayglon
France,Camille Lecointre
France,Cedric Sorhaindo
France,Charline Picon
France,Chloé Bulleux
France,Christophe Lemaitre
France,Clarisse Agbegnenou
France,Clément Mignon
France,Cyrille Maret
France,Daniel Jérent
France,Daniel Narcisse
France,Denis Gargaud Chanut
France,Élodie Clouvel
France,Émilie Andéol
France,Estelle Mossely
France,Estelle Nze Minko
France,Fabien Gilot
France,Florent Manaudou
France,Franck Solforosi
France,François Pervis
France,Gauthier Grumier
France,Gauthier Klauss
France,Gnonsiane Niombla
France,Grace Zaadi
France,Grégory Baugé
France,Guillaume Raineau
France,Haby Niaré
France,Hélène Defrance
France,Jean Quiquampoix
France,Jean-Charles Valladont
France,Jean-Michel Lucenay
France,Jérémie Azou
France,Jérémy Stravius
France,Karim Laghouag
France,Kentin Mahé
France,Kévin Mayer
France,Kevin Staut
France,Laura Glauser
France,Laurisa Landre
France,Luc Abalo
France,Ludovic Fabregas
France,Luka Karabatic
France,Mahiedine Mekhissi-Benabbad
France,Manon Houette
France,Marc-Antoine Olivier
France,Marie Prouvensier
France,Mathieu Bauderlique
France,Mathieu Grébille
France,Mathieu Lemoine
France,Matthieu Péché
France,Maxime Beaumont
France,Mehdy Metella
France,Mélina Robert-Michon
France,Michaël D'Almeida
France,Michael Guigou
France,Nikola Karabatic
France,Olivier Nyokas
France,Peder Fredricson
France,Pénélope Leprevost
France,Philippe Rozier
France,Pierre Houin
France,Pierre Le Coq
France,Renaud Lavillenie
France,Roger-Yves Bost
France,Sarah Ourahmoune
France,Siraba Dembélé
France,Sofiane Oumiha
France,Souleymane Cissokho
France,Teddy Riner
France,Thibault Colard
France,Thibaut Vallette
France,Thierry Omeyer
France,Thomas Baroukh
France,Timothey N'Guessan
France,Tony Yoka
France,Vincent Gérard
France,William Meynard
France,Yannick Borel
Georgia,Geno Petriashvili
Georgia,Irakli Turmanidze
Georgia,Lasha Shavdatuashvili
Georgia,Lasha Talakhadze
Georgia,Shmagi Bolkvadze
Georgia,Varlam Liparteliani
Georgia,Vladimer Khinchegashvili
Germany,Alexandra Popp
Germany,Almuth Schult
Germany,Andreas Kuffner
Germany,Andreas Wolff
Germany,Angelique Kerber
Germany,Anja Mittag
Germany,Anne Schröder
Germany,Annekatrin Thiele
Germany,Annika Sprink
Germany,Annike Krahn
Germany,Artem Harutyunyan
Germany,Babett Peter
Germany,Barbara Engleder
Germany,Bastian Steger
Germany,Carina Bär
Germany,Cécile Pieper
Germany,Charlotte Stapenhorst
Germany,Christian Ahlmann
Germany,Christian Dissinger
Germany,Christian Reitz
Germany,Christoph Harting
Germany,Christopher Rühr
Germany,Christopher Wesley
Germany,Daniel Deusser
Germany,Daniel Jasinski
Germany,Davie Selke
Germany,Denis Kudla
Germany,Dimitrij Ovtcharov
Germany,Dorothee Schneider
Germany,Dzsenifer Marozsán
Germany,Enzo Lefort
Germany,Eric Johannesen
Germany,Eric Oelschlägel
Germany,Erik Heil
Germany,Erwan Le Péchoux
Germany,Fabian Hambüchen
Germany,Fabian Wiede
Germany,Felix Drahotta
Germany,Finn Lemke
Germany,Florian Fuchs
Germany,Franzisca Hauke
Germany,Franziska Weber
Germany,Grischa Prömel
Germany,Han Ying
Germany,Hannah Krüger
Germany,Hannes Ocik
Germany,Hans Gruhne
Germany,Hendrik Pekeler
Germany,Henri Junghänel
Germany,Ingrid Klimke
Germany,Isabel Kerschowski
Germany,Isabell Werth
Germany,Jan Vandrey
Germany,Jana Teschke
Germany,Janne Müller-Wieland
Germany,Jannik Huth
Germany,Jean-Paul Tony Helissey
Germany,Jérémy Cadot
Germany,Jeremy Toljan
Germany,Josephine Henning
Germany,Julia Krajewski
Germany,Julia Lier
Germany,Julia Müller
Germany,Julian Brandt
Germany,Julius Kühn
Germany,Kai Häfner
Germany,Karl Schulze
Germany,Katharina Otte
Germany,Kira Walkenhorst
Germany,Kristina Bröring-Sprehe
Germany,Kristina Reynolds
Germany,Kristina Vogel
Germany,Lars Bender
Germany,Laura Benkarth
Germany,Laura Ludwig
Germany,Laura Vargas Koch
Germany,Lauritz Schoof
Germany,Lena Goeßling
Germany,Leon Goretzka
Germany,Leonie Maier
Germany,Linus Butt
Germany,Lisa Altenburg
Germany,Lisa Schmidla
Germany,Lisa Schütze
Germany,Lisa Unruh
Germany,Ludger Beerbaum
Germany,Lukas Klostermann
Germany,Malte Jakschik
Germany,Mandy Islacker
Germany,Marcus Gross
Germany,Marie Mävers
Germany,Martin Häner
Germany,Martin Sauer
Germany,Martin Strobel
Germany,Martin Zwicker
Germany,Mats Grambusch
Germany,Matthias Ginter
Germany,Matthias Müller
Germany,Max Christiansen
Germany,Max Hoff
Germany,Max Meyer
Germany,Max Rendschmidt
Germany,Maximilian Munski
Germany,Maximilian Reinelt
Germany,Melanie Behringer
Germany,Melanie Leupolz
Germany,Meredith Michaels-Beerbaum
Germany,Michael Jung
Germany,Miriam Welte
Germany,Monika Karsch
Germany,Moritz Fürste
Germany,Moritz Trompertz
Germany,Nicolas Jacobi
Germany,Nike Lorenz
Germany,Niklas Süle
Germany,Niklas Wellen
Germany,Nils Petersen
Germany,Patrick Groetzki
Germany,Patrick Hausding
Germany,Patrick Wiencek
Germany,Paul Drux
Germany,Petrissa Solja
Germany,Philipp Max
Germany,Philipp Wende
Germany,Pia-Sophie Oldhafer
Germany,Richard Schmidt
Germany,Robert Bauer
Germany,Ronald Rauhe
Germany,Sabrina Hering
Germany,Sandra Auffarth
Germany,Sara Däbritz
Germany,Saskia Bartusiak
Germany,Sebastian Brendel
Germany,Selin Oruz
Germany,Serge Gnabry
Germany,Shan Xiaona
Germany,Silvio Heinevetter
Germany,Simone Laudehr
Germany,Sönke Rothenberger
Germany,Sophie Scheder
Germany,Steffen Weinhold
Germany,Steffi Kriegerstein
Germany,Sven Bender
Germany,Svenja Huth
Germany,Tabea Kemme
Germany,Thomas Plößel
Germany,Thomas Röhler
Germany,Timm Herzbruch
Germany,Timo Boll
Germany,Timo Horn
Germany,Timur Oruz
Germany,Tina Dietze
Germany,Tobias Hauke
Germany,Tobias Reichmann
Germany,Tom Grambusch
Germany,Tom Liebscher
Germany,Uwe Gensheimer
GreatBritain,Adam Peaty
GreatBritain,Alex Danson
GreatBritain,Alex Gregory
GreatBritain,Alistair Brownlee
GreatBritain,Amy Tinkler
GreatBritain,Andrew Triggs Hodge
GreatBritain,Andy Murray
GreatBritain,Anyika Onuora
GreatBritain,Asha Philip
GreatBritain,Becky James
GreatBritain,Bianca Walkden
GreatBritain,Bradley Wiggins
GreatBritain,Bryony Page
GreatBritain,Callum Skinner
GreatBritain,Carl Hester
GreatBritain,Charlotte Dujardin
GreatBritain,Chris Froome
GreatBritain,Chris Langridge
GreatBritain,Chris Mears
GreatBritain,Chris Walker-Hebborn
GreatBritain,Christine Ohuruogu
GreatBritain,Constantine Louloudis
GreatBritain,Crista Cullen
GreatBritain,Dan Bibby
GreatBritain,Dan Norton
GreatBritain,Daniel Goodfellow
GreatBritain,Daniel Wallace
GreatBritain,Daryll Neita
GreatBritain,David Florence
GreatBritain,Desiree Henry
GreatBritain,Dina Asher-Smith
GreatBritain,Duncan Scott
GreatBritain,Ed Clancy
GreatBritain,Edward Ling
GreatBritain,Eilidh Doyle
GreatBritain,Elinor Barker
GreatBritain,Emily Diamond
GreatBritain,Fiona Bigwood
GreatBritain,Frances Houghton
GreatBritain,George Nash
GreatBritain,Georgie Twigg
GreatBritain,Giles Scott
GreatBritain,Giselle Ansley
GreatBritain,Greg Rutherford
GreatBritain,Hannah Macleod
GreatBritain,Hannah Mills
GreatBritain,Heather Stanning
GreatBritain,Helen Glover
GreatBritain,Helen Richardson-Walsh
GreatBritain,Hollie Webb
GreatBritain,Jack Laugher
GreatBritain,Jade Jones
GreatBritain,James Davies
GreatBritain,James Guy
GreatBritain,James Rodwell
GreatBritain,Jason Kenny
GreatBritain,Jazmin Carlin
GreatBritain,Jessica Eddie
GreatBritain,Jessica Ennis-Hill
GreatBritain,Joanna Rowsell
GreatBritain,Joe Joyce
GreatBritain,Jon Schofield
GreatBritain,Jonathan Brownlee
GreatBritain,Joseph Clarke
GreatBritain,Joshua Buatsi
GreatBritain,Justin Rose
GreatBritain,Karen Bennett
GreatBritain,Kate Richardson-Walsh
GreatBritain,Katherine Grainger
GreatBritain,Katie Archibald
GreatBritain,Katie Greves
GreatBritain,Katy Marchant
GreatBritain,Kelly Massey
GreatBritain,Laura Trott
GreatBritain,Laura Unsworth
GreatBritain,Liam Heath
GreatBritain,Lily Owsley
GreatBritain,Louis Smith
GreatBritain,Lutalo Muhammad
GreatBritain,Maddie Hinch
GreatBritain,Marcus Ellis
GreatBritain,Marcus Watson
GreatBritain,Mark Bennett
GreatBritain,Mark Cavendish
GreatBritain,Mark Robertson
GreatBritain,Matt Gotrel
GreatBritain,Matt Langridge
GreatBritain,Max Whitlock
GreatBritain,Melanie Wilson
GreatBritain,Mo Farah
GreatBritain,Mohamed Sbihi
GreatBritain,Nick Dempsey
GreatBritain,Nick Skelton
GreatBritain,Nicola Adams
GreatBritain,Nicola White
GreatBritain,Nile Wilson
GreatBritain,Olivia Carnegie-Brown
GreatBritain,Ollie Lindsay-Hague
GreatBritain,Owain Doull
GreatBritain,Paul Bennett
GreatBritain,Pete Reed
GreatBritain,Phelan Hill
GreatBritain,Phil Burgess
GreatBritain,Philip Hindes
GreatBritain,Polly Swann
GreatBritain,Richard Hounslow
GreatBritain,Robbie Renwick
GreatBritain,Ruaridh McConnochie
GreatBritain,Sally Conway
GreatBritain,Sam Cross
GreatBritain,Sam Quek
GreatBritain,Saskia Clark
GreatBritain,Scott Durant
GreatBritain,Shona McCallin
GreatBritain,Siobhan-Marie O'Connor
GreatBritain,Sophie Bray
GreatBritain,Sophie Hitchon
GreatBritain,Spencer Wilton
GreatBritain,Stephen Milne
GreatBritain,Steven Burke
GreatBritain,Steven Scott
GreatBritain,Susannah Townsend
GreatBritain,Tom Daley
GreatBritain,Tom Mitchell
GreatBritain,Tom Ransley
GreatBritain,Vicky Holland
GreatBritain,Victoria Thornley
GreatBritain,William Satch
GreatBritain,Zoe De Toledo
GreatBritain,Zoe Lee
Greece,Anna Korakaki
Greece,Ekaterini Stefanidi
Greece,Eleftherios Petrounias
Greece,Panagiotis Mantis
Greece,Pavlos Kagialis
Greece,Spyridon Gianniotis
Grenada,Kirani James
Hungary,András Rédli
Hungary,Anita Marton
Hungary,Áron Szilágyi
Hungary,Boglárka Kapás
Hungary,Danuta Kozák
Hungary,Emese Szász
Hungary,Gábor Boczkó
Hungary,Gabriella Szabó
Hungary,Géza Imre
Hungary,Katinka Hosszú
Hungary,Krisztina Fazekas
Hungary,László Cseh
Hungary,Péter Somfai
Hungary,Tamara Csipes
Hungary,Tamás Kenderesi
Independent Olympic Athletes,Abdullah Al-Rashidi
Independent Olympic Athletes,Fehaid Al-Deehani
India,P.V. Sindhu
India,Sakshi Malik
Indonesia,Eko Yuli Irawan
Indonesia,Liliyana Natsir
Indonesia,Sri Wahyuni Agustiani
Indonesia,Tontowi Ahmad
Iran,Ghasem Rezaei
Iran,Hassan Rahimi
Iran,Hassan Yazdani
Iran,Kianoush Rostami
Iran,Kimia Alizadeh
Iran,Komeil Ghasemi
Iran,Saeid Abdevali
Iran,Sohrab Moradi
Ireland,Annalise Murphy
Ireland,Gary O'Donovan
Ireland,Paul O'Donovan
Israel,Or Sasson
Israel,Yarden Gerbi
Italy,Aleksandra Cotti
Italy,Alessandro Nora
Italy,Alessandro Velotto
Italy,Andrea Fondelli
Italy,Andrea Santarelli
Italy,Arianna Garibotti
Italy,Chiara Cainero
Italy,Chiara Tabani
Italy,Christian Presciutti
Italy,Daniele Garozzo
Italy,Daniele Lupo
Italy,Diana Bacosi
Italy,Domenico Montrone
Italy,Elia Viviani
Italy,Elisa Di Francisca
Italy,Elisa Longo Borghini
Italy,Elisa Queirolo
Italy,Emanuele Birarelli
Italy,Enrico Garozzo
Italy,Fabio Basile
Italy,Federica Radicchi
Italy,Filippo Lanza
Italy,Francesca Dallapé
Italy,Francesca Pomeri
Italy,Francesco Di Fulvio
Italy,Frank Chamizo
Italy,Gabriele Detti
Italy,Gabriele Rossetti
Italy,Giovanni Abagnale
Italy,Giovanni Pellielo
Italy,Giulia Enrica Emmolo
Italy,Giulia Gorlero
Italy,Giuseppe Vicino
Italy,Gregorio Paltrinieri
Italy,Ivan Zaytsev
Italy,Laura Teani
Italy,Luca Vettori
Italy,Marco Del Lungo
Italy,Marco Di Costanzo
Italy,Marco Fichera
Italy,Marco Innocenti
Italy,Massimo Colaci
Italy,Matteo Aicardi
Italy,Matteo Castaldo
Italy,Matteo Lodo
Italy,Matteo Piano
Italy,Michael Bodegas
Italy,Niccolò Campriani
Italy,Niccolò Gitto
Italy,Nicholas Presciutti
Italy,Odette Giuffrida
Italy,Oleg Antonov
Italy,Osmany Juantorena
Italy,Paolo Nicolai
Italy,Paolo Pizzo
Italy,Pasquale Sottile
Italy,Pietro Figlioli
Italy,Rachele Bruni
Italy,Roberta Bianconi
Italy,Rosaria Aiello
Italy,Rossella Fiamingo
Italy,Salvatore Rossini
Italy,Simone Buti
Italy,Simone Giannelli
Italy,Stefano Tempesti
Italy,Tania Cagnotto
Italy,Tania Di Mario
Italy,Teresa Frassinetti
Italy,Valentino Gallo
IvoryCoast,Cheick Sallah Cissé
IvoryCoast,Ruth Gbagbi
Jamaica,Anneisha McLaughlin-Whilby
Jamaica,Asafa Powell
Jamaica,Chrisann Gordon
Jamaica,Christania Williams
Jamaica,Christine Day
Jamaica,Elaine Thompson
Jamaica,Fitzroy Dunkley
Jamaica,Javon Francis
Jamaica,Jevaughn Minzie
Jamaica,Kemar Bailey-Cole
Jamaica,Nathon Allen
Jamaica,Nickel Ashmeade
Jamaica,Novlene Williams-Mills
Jamaica,Omar McLeod
Jamaica,Peter Matthews
Jamaica,Rusheen McDonald
Jamaica,Sashalee Forbes
Jamaica,Shelly-Ann Fraser-Pryce
Jamaica,Shericka Jackson
Jamaica,Simone Facey
Jamaica,Stephenie Ann McPherson
Jamaica,Usain Bolt
Jamaica,Veronica Campbell-Brown
Jamaica,Yohan Blake
Japan,Ai Fukuhara
Japan,Aika Hakoyama
Japan,Aiko Hayashi
Japan,Ami Kondo
Japan,Asuka Cambridge
Japan,Ayaka Takahashi
Japan,Daiya Seto
Japan,Eri Tosaka
Japan,Haruka Tachimoto
Japan,Hiromi Miyake
Japan,Hirooki Arai
Japan,Hisayoshi Harasawa
Japan,Jun Mizutani
Japan,Kanae Yamabe
Japan,Kanami Nakamaki
Japan,Kano Omata
Japan,Kaori Icho
Japan,Kaori Matsumoto
Japan,Kasumi Ishikawa
Japan,Kei Marumo
Japan,Kei Nishikori
Japan,Kenz? Shirai
Japan,K?hei Uchimura
Japan,Koji Yamamuro
Japan,Koki Niwa
Japan,Kosuke Hagino
Japan,Kosuke Hagino 
Japan,Kurumi Yoshida
Japan,Maharu Yoshimura
Japan,Mai Nakamura
Japan,Masashi Ebinuma
Japan,Masato Sakai
Japan,Mashu Baker
Japan,Mima Ito
Japan,Misaki Matsutomo
Japan,Misato Nakamura
Japan,Naito Ehara
Japan,Naohisa Takato
Japan,Natsumi Hoshi
Japan,Nozomi Okuhara
Japan,Rei Higuchi
Japan,Rie Kaneto
Japan,Risako Kawai
Japan,Risako Mitsui
Japan,Ry?hei Kat?
Japan,Ryota Yamagata
Japan,Ryunosuke Haga
Japan,Saori Yoshida
Japan,Sara Dosho
Japan,Shinobu Ota
Japan,Shohei Ono
Japan,Shota Iizuka
Japan,Takanori Nagase
Japan,Takeshi Matsuda
Japan,Takuya Haneda
Japan,Yoshihide Kiryu
Japan,Yuki Kobori
Japan,Yukiko Inui
Japan,Yusuke Tanaka
Jordan,Ahmad Abu-Ghaush
Kazakhstan,Adilbek Niyazymbetov
Kazakhstan,Aleksandr Zaychikov
Kazakhstan,Daniyar Yeleussinov
Kazakhstan,Dariga Shakimova
Kazakhstan,Dmitriy Balandin
Kazakhstan,Elmira Syzdykova
Kazakhstan,Farkhad Kharki
Kazakhstan,Galbadrakhyn Otgontsetseg
Kazakhstan,Guzel Manyurova
Kazakhstan,Ivan Dychko
Kazakhstan,Karina Goricheva
Kazakhstan,Nijat Rahimov
Kazakhstan,Olga Rypakova
Kazakhstan,Vasiliy Levit
Kazakhstan,Yekaterina Larionova
Kazakhstan,Yeldos Smetov
Kazakhstan,Zhazira Zhapparkul
Kenya, Vivian Cheruiyot
Kenya,Boniface Mucheru Tumuti
Kenya,Conseslus Kipruto
Kenya,David Rudisha
Kenya,Eliud Kipchoge
Kenya,Faith Kipyegon
Kenya,Hellen Onsando Obiri
Kenya,Hyvin Jepkemoi
Kenya,Jemima Sumgong
Kenya,Julius Yego
Kenya,Margaret Wambui
Kenya,Paul Tanui
Kenya,Vivian Cheruiyot
Kosovo,Majlinda Kelmendi
Lithuania,Aurimas Didžbalis
Lithuania,Aurimas Lankas
Lithuania,Donata Vištartait?
Lithuania,Edvinas Ramanauskas
Lithuania,Milda Val?iukait?
Lithuania,Mindaugas Griškonis
Lithuania,Saulius Ritter
Malaysia,Azizulhasni Awang
Malaysia,Chan Peng Soon
Malaysia,Francesca Dallapé
Malaysia,Goh Liu Ying
Malaysia,Goh V Shem
Malaysia,Lee Chong Wei
Malaysia,Pandelela Rinong
Malaysia,Tan Wee Kiong
Mexico,Germán Sánchez
Mexico,Ismael Hernández
Mexico,María Espinoza
Mexico,María Guadalupe González
Mexico,Misael Rodríguez
Moldova,Serghei Tarnovschi
Mongolia,Dorjnyambuugiin Otgondalai
Mongolia,Dorjsürengiin Sumiyaa
Morocco,Mohammed Rabii
Netherlands,Alexander Brouwer
Netherlands,Anicka van Emden
Netherlands,Anna van der Breggen
Netherlands,Boaz Meylink
Netherlands,Boudewijn Roell
Netherlands,Caia van Maasakker
Netherlands,Carlien Dirkse van den Heuvel
Netherlands,Carline Bouw
Netherlands,Chantal Achterberg
Netherlands,Dafne Schippers
Netherlands,Dirk Uittenboogaard
Netherlands,Dorian van Rijsselberghe
Netherlands,Elis Ligtlee
Netherlands,Ellen Hoog
Netherlands,Eva de Goede
Netherlands,Ferry Weertman
Netherlands,Ilse Paulis
Netherlands,Inge Janssen
Netherlands,Jack Laugher
Netherlands,Jelle van Gorkom
Netherlands,Joyce Sombroek
Netherlands,Kaj Hendrik
Netherlands,Kelly Jonker
Netherlands,Kitty van Male
Netherlands,Laurien Leurink
Netherlands,Lidewij Welten
Netherlands,Maaike Head
Netherlands,Maartje Paumen
Netherlands,Margot van Geffen
Netherlands,Maria Verschoor
Netherlands,Marit Bouwmeester
Netherlands,Marloes Keetels
Netherlands,Matthijs Buchli
Netherlands,Mechiel Versluis
Netherlands,Naomi van As
Netherlands,Nicole Beukers
Netherlands,Nouchka Fontijn
Netherlands,Olivier Siegelaar
Netherlands,Peter Wiersum
Netherlands,Robert Lücken
Netherlands,Robert Meeuwsen
Netherlands,Sanne Wevers
Netherlands,Sharon van Rouwendaal
Netherlands,Tom Dumoulin
Netherlands,Tone Wieten
Netherlands,Willemijn Bos
Netherlands,Xan de Waard
NewZealand,Alex Maloney
NewZealand,Blair Tuke
NewZealand,Eddie Dawkins
NewZealand,Eliza McCartney
NewZealand,Eric Murray
NewZealand,Ethan Mitchell
NewZealand,Gayle Broughton
NewZealand,Genevieve Behrent
NewZealand,Hamish Bond
NewZealand,Huriana Manuel
NewZealand,Jo Aleh
NewZealand,Kayla McAlister
NewZealand,Kelly Brazier
NewZealand,Lisa Carrington
NewZealand,Luuka Jones
NewZealand,Lydia Ko
NewZealand,Mahé Drysdale
NewZealand,Molly Meech
NewZealand,Natalie Rooney
NewZealand,Niall Williams
NewZealand,Nick Willis
NewZealand,Olivia Powrie
NewZealand,Peter Burling
NewZealand,Portia Woodman
NewZealand,Rebecca Scown
NewZealand,Ruby Tui
NewZealand,Sam Meech
NewZealand,Sam Webster
NewZealand,Sarah Goss
NewZealand,Shakira Baker
NewZealand,Terina Te Tamaki
NewZealand,Theresa Fitzpatrick
NewZealand,Tomas Walsh
NewZealand,Tyla Nathan-Wong
NewZealand,Valerie Adams
Niger,Abdoul Razak Issoufou
Nigeria,Aminu Umar
Nigeria,Azubuike Okechukwu
Nigeria,Daniel Akpeyi
Nigeria,Emmanuel Daniel
Nigeria,Imoh Ezekiel
Nigeria,John Obi Mikel
Nigeria,Junior Ajayi
Nigeria,Kingsley Madu
Nigeria,Muenfuh Sincere
Nigeria,Ndifreke Udo
Nigeria,Oghenekaro Etebo
Nigeria,Popoola Saliu
Nigeria,Saturday Erimuya
Nigeria,Shehu Abdullahi
Nigeria,Stanley Amuzie
Nigeria,Umar Sadiq
Nigeria,Usman Mohammed
Nigeria,William Troost-Ekong
NoMedal,Emily Overholt
NoMedal,NoMedal
NoMedal,Valentin Porte
NorthKorea,Choe Hyo-sim
NorthKorea,Kim Kuk-hyang
NorthKorea,Kim Song-guk
NorthKorea,Kim Song-i
NorthKorea,Om Yun-chol
NorthKorea,Ri Se-gwang
NorthKorea,Rim Jong-sim
Norway,Amanda Kurtovi?
Norway,Are Strandli
Norway,Camilla Herrem
Norway,Emilie Hegh Arntzen
Norway,Heidi Løke
Norway,Ida Alstad
Norway,Kari Aalvik Grimsbø
Norway,Katrine Lunde
Norway,Kjetil Borch
Norway,Kristoffer Brun
Norway,Linn-Kristin Riegelhuth Koren
Norway,Mari Molid
Norway,Marit Malm Frafjord
Norway,Nora Mørk
Norway,Olaf Tufte
Norway,Sanna Solberg
Norway,Stig André Berge
Norway,Stine Bredal Oftedal
Norway,Veronica Kristiansen
Philippines,Hidilyn Diaz
Poland,Agnieszka Kobus
Poland,Anita W?odarczyk
Poland,Beata Miko?ajczyk
Poland,Joanna Leszczy?ska
Poland,Karolina Naja
Poland,Magdalena Fularczyk-Koz?owska
Poland,Maja W?oszczowska
Poland,Maria Springwald
Poland,Marta Walczykiewicz
Poland,Monika Ciaciuch
Poland,Monika Michalik
Poland,Natalia Madaj
Poland,Oktawia Nowacka
Poland,Piotr Ma?achowski
Poland,Rafa? Majka
Poland,Wojciech Nowicki
Portugal,Telma Monteiro
PuertoRico,Mónica Puig
Qatar,Mutaz Essa Barshim
Romania,Adelina Bogu?
Romania,Albert Saritov
Romania,Ana Maria Popescu
Romania,Andreea Boghian
Romania,Daniela Druncea
Romania,Florin Mergea
Romania,Gabriel Sîncr?ian
Romania,Horia Tec?u
Romania,Ioana Strungaru
Romania,Iuliana Popa
Romania,Laura Oprea
Romania,Loredana Dinu
Romania,M?d?lina Beres
Romania,Mihaela Petril?
Romania,Roxana Cogianu
Romania,Simona Gherman
Romania,Simona Pop
Russia,Abdulrashid Sadulaev
Russia,Aleksander Lesun
Russia,Aleksandra Patskevich
Russia,Aleksey Cheremisinov
Russia,Alexey Denisenko
Russia,Aliya Mustafina
Russia,Alla Shishkina
Russia,Anastasia Belyakova
Russia,Anastasia Bliznyuk
Russia,Anastasia Maksimova
Russia,Anastasia Simanovich
Russia,Anastasia Voynova
Russia,Anastasiia Tatareva
Russia,Angelina Melnikova
Russia,Aniuar Geduev
Russia,Anna Grineva
Russia,Anna Karnaukh
Russia,Anna Sedoykina
Russia,Anna Sen
Russia,Anna Timofeeva
Russia,Anna Ustyukhina
Russia,Anna Vyakhireva
Russia,Anton Chupkov
Russia,Artur Akhmatkhuzin
Russia,Beslan Mudranov
Russia,Daria Dmitrieva
Russia,Daria Shmeleva
Russia,Daria Spiridonova
Russia,David Belyavskiy
Russia,Davit Chakvetadze
Russia,Denis Ablyazin
Russia,Denis Dmitriev
Russia,Ekaterina Bukina
Russia,Ekaterina Dyachenko
Russia,Ekaterina Ilina
Russia,Ekaterina Lisunova
Russia,Ekaterina Makarova
Russia,Ekaterina Prokofyeva
Russia,Elena Prokofyeva
Russia,Elena Vesnina
Russia,Elvina Karimova
Russia,Evgenia Soboleva
Russia,Evgeniya Ivanova
Russia,Evgeny Rylov
Russia,Evgeny Tishchenko
Russia,Gelena Topilina
Russia,Inna Deriglazova
Russia,Inna Stepanova
Russia,Irina Bliznova
Russia,Ivan Stretovich
Russia,Khasan Khalmurzaev
Russia,Kirill Grigoryan
Russia,Ksenia Perova
Russia,Lyubov Shutova
Russia,Margarita Mamun
Russia,Maria Borisova
Russia,Maria Paseka
Russia,Maria Shurochkina
Russia,Maria Tolkacheva
Russia,Marina Sudakova
Russia,Maya Petrova
Russia,Misha Aloyan
Russia,Nadezhda Fedotova
Russia,Natalia Ishchenko
Russia,Natalia Kuziutina
Russia,Nataliya Vorobyova
Russia,Nikita Nagornyy
Russia,Nikolai Kuksenkov
Russia,Olga Akopyan
Russia,Olga Belova
Russia,Olga Kochneva
Russia,Olga Zabelinskaya
Russia,Polina Kuznetsova
Russia,Roman Anoshkin
Russia,Roman Vlasov
Russia,Seda Tutkhalyan
Russia,Sergey Kamenskiy
Russia,Sergey Semenov
Russia,Sofia Velikaya
Russia,Sofiya Velikaya
Russia,Soslan Ramonov
Russia,Stefania Elfutina
Russia,Svetlana Kolesnichenko
Russia,Svetlana Romashina
Russia,Tatiana Logunova
Russia,Tatyana Yerokhina
Russia,Timur Safin
Russia,Tuyana Dashidorzhieva
Russia,Valeria Koblova
Russia,Vera Biryukova
Russia,Victoria Zhilinskayte
Russia,Victoriya Kalinina
Russia,Violetta Kolobova
Russia,Vitalina Batsarashkina
Russia,Vitaly Dunaytsev
Russia,Vlada Chigireva
Russia,Vladimir Maslennikov
Russia,Vladimir Nikitin
Russia,Vladlena Bobrovnikova
Russia,Yana Egorian
Russia,Yana Kudryavtseva
Russia,Yekaterina Marennikova
Russia,Yulia Efimova
Russia,Yuliya Gavrilova
Serbia,Aleksandra Crvendaki?
Serbia,Ana Dabovi?
Serbia,Andrija Prlainovi?
Serbia,Bianka Buša
Serbia,Bogdan Bogdanovic
Serbia,Bojana Živkovi?
Serbia,Branislav Mitrovi?
Serbia,Brankica Mihajlovi?
Serbia,Dajana Butulija
Serbia,Danielle Page
Serbia,Davor Štefanek
Serbia,Dragana Stankovi?
Serbia,Dušan Mandi?
Serbia,Duško Pijetlovi?
Serbia,Filip Filipovi?
Serbia,Gojko Pijetlovi?
Serbia,Ivana Španovi?
Serbia,Jelena Milovanovi?
Serbia,Jelena Nikoli?
Serbia,Jovana Brako?evi?
Serbia,Jovana Stevanovi?
Serbia,Maja Ognjenovi?
Serbia,Marko Simonovic
Serbia,Marko Tomi?evi?
Serbia,Milan Aleksi?
Serbia,Milan Macvan
Serbia,Milena Raši?
Serbia,Milenko Zori?
Serbia,Milica Dabovi?
Serbia,Miloš ?uk
Serbia,Milos Teodosic
Serbia,Miroslav Raduljica
Serbia,Nemanja Nedovic
Serbia,Nevena Jovanovi?
Serbia,Nikola Jakši?
Serbia,Nikola Jokic
Serbia,Nikola Kalinic
Serbia,Sara Krnji?
Serbia,Saša ?a?o
Serbia,Sava Ran?elovi?
Serbia,Silvija Popovi?
Serbia,Slobodan Niki?
Serbia,Sonja Petrovi?
Serbia,Stefan Bircevic
Serbia,Stefan Jovic
Serbia,Stefan Markovic
Serbia,Stefan Mitrovi?
Serbia,Stefana Veljkovi?
Serbia,Tamara Rado?aj
Serbia,Tijana Bogdanovi?
Serbia,Tijana Boškovi?
Serbia,Tijana Maleševi?
Serbia,Vladimir Stimac
Serbia,Živko Goci?
Singapore,Joseph Schooling
Slovakia,Denis Myšák
Slovakia,Erik Vl?ek
Slovakia,Juraj Tarr
Slovakia,Ladislav Škantár
Slovakia,Matej Be?uš
Slovakia,Matej Tóth
Slovakia,Peter Škantár
Slovakia,Tibor Linka
Slovenia,Anamari Velenšek
Slovenia,Peter Kauzer
Slovenia,Tina Trstenjak
Slovenia,Vasilij Žbogar
SouthAfrica,Cameron van der Burgh
SouthAfrica,Caster Semenya
SouthAfrica,Cecil Afrika
SouthAfrica,Chad le Clos
SouthAfrica,Cheslin Kolbe
SouthAfrica,Dylan Sage
SouthAfrica,Francois Hougaard
SouthAfrica,Henri Schoeman
SouthAfrica,Juan de Jongh
SouthAfrica,Justin Geduld
SouthAfrica,Kwagga Smith
SouthAfrica,Kyle Brown
SouthAfrica,Lawrence Brittain
SouthAfrica,Luvo Manyonga
SouthAfrica,Philip Snyman
SouthAfrica,Roscko Speckman
SouthAfrica,Shaun Keeling
SouthAfrica,Sunette Viljoen
SouthAfrica,Tim Agaba
SouthAfrica,Wayde van Niekerk
SouthAfrica,Werner Kok
SouthKorea,An Ba-ul
SouthKorea,Cha Dong-min
SouthKorea,Chang Hye-jin
SouthKorea,Choi Mi-sun
SouthKorea,Gwak Dong-han
SouthKorea,Inbee Park
SouthKorea,Jeong Bo-kyeong
SouthKorea,Jin Jong-oh
SouthKorea,Jung Kyung-eun
SouthKorea,Ki Bo-bae
SouthKorea,Kim Hyeon-woo
SouthKorea,Kim Jong-hyun
SouthKorea,Kim Jung-hwan
SouthKorea,Kim So-hui
SouthKorea,Kim Tae-hun
SouthKorea,Kim Woo-jin
SouthKorea,Ku Bon-chan
SouthKorea,Lee Dae-hoon
SouthKorea,Lee Seung-yun
SouthKorea,Oh Hye-ri
SouthKorea,Park Sang-young
SouthKorea,Shin Seung-chan
SouthKorea,Yoon Jin-hee
Spain,Alba Torrens
Spain,Alejandra Quereda
Spain,Álex Abrines
Spain,Anna Cruz
Spain,Artemi Gavezou
Spain,Astou Ndour
Spain,Carlos Coloma Nicolas
Spain,Carolina Marín
Spain,Cristian Toro
Spain,Dimitri Bascou
Spain,Elena López
Spain,Eva Calvo
Spain,Felipe Reyes
Spain,Joel González
Spain,José Manuel Calderón
Spain,Juan Carlos Navarro
Spain,Laia Palau
Spain,Laura Gil
Spain,Laura Nicholls
Spain,Laura Quevedo
Spain,Leonor Rodríguez
Spain,Leticia Romero
Spain,Lidia Valentín
Spain,Lourdes Mohedano
Spain,Lucila Pascua
Spain,Maialen Chourraut
Spain,Marc López
Spain,Marcus Walz
Spain,Marta Xargay
Spain,Mireia Belmonte García
Spain,Nikola Miroti?
Spain,Orlando Ortega
Spain,Pau Gasol
Spain,Rafael Nadal
Spain,Ricky Rubio
Spain,Rudy Fernández
Spain,Ruth Beitia
Spain,Sandra Aguilar
Spain,Saúl Craviotto
Spain,Sergio Llull
Spain,Sergio Rodríguez
Spain,Silvia Domínguez
Spain,Víctor Claver
Spain,Willy Hernangómez
Sweden,Caroline Seger
Sweden,Elin Rubensson
Sweden,Emilia Appelqvist
Sweden,Emma Berglund
Sweden,Emma Johansson
Sweden,Fridolina Rolfö
Sweden,Hedvig Lindahl
Sweden,Henrik Stenson
Sweden,Hilda Carlén
Sweden,Jenny Fransson
Sweden,Jenny Rissveds
Sweden,Jessica Samuelsson
Sweden,Jonna Andersson
Sweden,Kosovare Asllani
Sweden,Linda Sembrant
Sweden,Lisa Dahlkvist
Sweden,Lotta Schelin
Sweden,Magdalena Ericsson
Sweden,Marcus Svensson
Sweden,Nilla Fischer
Sweden,Olivia Schough
Sweden,Pauline Hammarlund
Sweden,Sarah Sjöström
Sweden,Sofia Jakobsson
Sweden,Sofia Mattsson
Sweden,Stina Blackstenius
Switzerland,Fabian Cancellara
Switzerland,Giulia Steingruber
Switzerland,Heidi Diethelm Gerber
Switzerland,Lucas Tramer
Switzerland,Mario Gyr
Switzerland,Martina Hingis
Switzerland,Nicola Spirig Hug
Switzerland,Nino Schurter
Switzerland,Simon Niepmann
Switzerland,Simon Schürch
Switzerland,Timea Bacsinszky
Tajikistan,Dilshod Nazarov
Thailand,Panipak Wongpattanakit
Thailand,Pimsiri Sirikaew
Thailand,Sinphet Kruaithong
Thailand,Sopita Tanasan
Thailand,Sukanya Srisurat
Thailand,Tawin Hanprab
TrinidadandTobago,Keshorn Walcott
Tunisia,Inès Boubakri
Tunisia,Marwa Amri
Tunisia,Oussama Oueslati
Turkey,Cenk ?ldem
Turkey,Daniyar Ismayilov
Turkey,Nur Tatar
Turkey,R?za Kayaalp
Turkey,Selim Ya?ar
Turkey,Soner Demirta?
Turkey,Taha Akgül
Turkey,Yasmani Copello
Ukraine,Alina Komashchuk
Ukraine,Bohdan Bondarenko
Ukraine,Dmytro Ianchuk
Ukraine,Ganna Rizatdinova
Ukraine,Oleg Vernyayev
Ukraine,Olena Kravatska
Ukraine,Olena Voronina
Ukraine,Olha Kharlan
Ukraine,Pavlo Tymoshchenko
Ukraine,Serhiy Kulish
Ukraine,Taras Mishchuk
Ukraine,Yuriy Cheban
Ukraine,Zhan Beleniuk
UnitedStates,Phillip Dutton
UnitedArabEmirates,Sergiu Toma
UnitedStates, Allyson Felix
UnitedStates, Maya DiRado
UnitedStates,Aaron Russell
UnitedStates,Abbey Weitzeil
UnitedStates,Alexander Massialas
UnitedStates,Alexander Naddour
UnitedStates,Alise Post
UnitedStates,Alisha Glass
UnitedStates,Allison Brock
UnitedStates,Allison Schmitt
UnitedStates,Allyson Felix
UnitedStates,Aly Raisman
UnitedStates,Amanda Elmore
UnitedStates,Amanda Polk
UnitedStates,Amanda Weir
UnitedStates,Angel McCoughtry
UnitedStates,Anthony Ervin
UnitedStates,April Ross
UnitedStates,Aria Fischer
UnitedStates,Arman Hall
UnitedStates,Ashleigh Johnson
UnitedStates,Ashley Spencer
UnitedStates,Ashton Eaton
UnitedStates,Bethanie Mattek-Sands
UnitedStates,Blake Pieroni
UnitedStates,Brady Ellison
UnitedStates,Breanna Stewart
UnitedStates,Brianna Rollins
UnitedStates,Britney Reese
UnitedStates,Brittney Griner
UnitedStates,Caeleb Dressel
UnitedStates,Caleb Paine
UnitedStates,Carli Lloyd
UnitedStates,Carmelo Anthony
UnitedStates,Caroline Clark
UnitedStates,Chase Kalisz
UnitedStates,Chloe Dygert
UnitedStates,Christa Harmotto
UnitedStates,Christian Taylor
UnitedStates,Cierra Runge
UnitedStates,Claressa Shields
UnitedStates,Clark Smith
UnitedStates,Clayton Murphy
UnitedStates,Cody Miller
UnitedStates,Connor Fields
UnitedStates,Connor Jaeger
UnitedStates,Conor Dwyer
UnitedStates,Corey Cogdell
UnitedStates,Courtney Mathewson
UnitedStates,Courtney Okolo
UnitedStates,Courtney Thompson
UnitedStates,Dagmara Wozniak
UnitedStates,Dalilah Muhammad
UnitedStates,Dana Vollmer
UnitedStates,Danell Leyva
UnitedStates,Daryl Homer
UnitedStates,David Boudia
UnitedStates,David Lee
UnitedStates,David Plummer
UnitedStates,David Smith
UnitedStates,David Verburg
UnitedStates,DeAndre Jordan
UnitedStates,DeMar DeRozan
UnitedStates,DeMarcus Cousins
UnitedStates,Diana Taurasi
UnitedStates,Draymond Green
UnitedStates,Elena Delle Donne
UnitedStates,Elizabeth Madden
UnitedStates,Elle Logan
UnitedStates,Emily Regan
UnitedStates,Emma Coburn
UnitedStates,English Gardner
UnitedStates,Erik Shoji
UnitedStates,Evan Jager
UnitedStates,Foluke Akinradewo
UnitedStates,Francena McCorory
UnitedStates,Gabby Douglas
UnitedStates,Galen Rupp
UnitedStates,Gerek Meinhardt
UnitedStates,Gevvie Stone
UnitedStates,Gil Roberts
UnitedStates,Gunnar Bentz
UnitedStates,Gwen Jorgensen
UnitedStates,Harrison Barnes
UnitedStates,Helen Maroulis
UnitedStates,Ibtihaj Muhammad
UnitedStates,Jack Conger
UnitedStates,Jack Sock
UnitedStates,Jackie Galloway
UnitedStates,Jake Kaminski
UnitedStates,J'den Cox
UnitedStates,Jeff Henderson
UnitedStates,Jennifer Simpson
UnitedStates,Jennifer Valente
UnitedStates,Jimmy Butler
UnitedStates,Jimmy Feigen
UnitedStates,Joe Kovacs
UnitedStates,Jordan Larson
UnitedStates,Josh Prenot
UnitedStates,Justin Gatlin
UnitedStates,Kaleigh Gilchrist
UnitedStates,Kami Craig
UnitedStates,Karsta Lowe
UnitedStates,Kasey Perry-Glass
UnitedStates,Katelin Snyder
UnitedStates,Kathleen Baker
UnitedStates,Katie Ledecky
UnitedStates,Katie Meili
UnitedStates,Kawika Shoji
UnitedStates,Kayla Banwarth
UnitedStates,Kayla Harrison
UnitedStates,Kelly Catlin
UnitedStates,Kelly Murphy
UnitedStates,Kelsey Robinson
UnitedStates,Kelsi Worrell
UnitedStates,Kent Farrington
UnitedStates,Kerri Walsh Jennings
UnitedStates,Kerron Clement
UnitedStates,Kerry Simmonds
UnitedStates,Kevin Cordes
UnitedStates,Kevin Durant
UnitedStates,Kiley Neushul
UnitedStates,Kim Rhode
UnitedStates,Kimberly Hill
UnitedStates,Klay Thompson
UnitedStates,Kristi Castlin
UnitedStates,Kristin Armstrong
UnitedStates,Kyle Clemons
UnitedStates,Kyle Lowry
UnitedStates,Kyle Snyder
UnitedStates,Kyrie Irving
UnitedStates,LaShawn Merritt
UnitedStates,Laura Graves
UnitedStates,Lauren Schmetterling
UnitedStates,Laurie Hernandez
UnitedStates,Leah Smith
UnitedStates,Lia Neal
UnitedStates,Lilly King
UnitedStates,Lindsay Whalen
UnitedStates,Lucy Davis
UnitedStates,Madeline Musselmann
UnitedStates,Madison Kocian
UnitedStates,Maggie Steffens
UnitedStates,Makenzie Fischer
UnitedStates,Mariel Zagunis
UnitedStates,Matt Kuchar
UnitedStates,Matthew Anderson
UnitedStates,"Matthew Centrowitz, Jr."
UnitedStates,Maxwell Holt
UnitedStates,Maya DiRado
UnitedStates,Maya Moore
UnitedStates,McLain Ward
UnitedStates,Meghan Musnicki
UnitedStates,Melanie Margalis
UnitedStates,Melissa Seidemann
UnitedStates,Micah Christenson
UnitedStates,Michael Hixon
UnitedStates,Michael Phelps
UnitedStates,Michelle Carter
UnitedStates,Miles Chamley-Watson
UnitedStates,Missy Franklin
UnitedStates,Monica Aksamit
UnitedStates,Morolake Akinosun
UnitedStates,Murphy Troy
UnitedStates,Natasha Hastings
UnitedStates,Nathan Adrian
UnitedStates,Nia Ali
UnitedStates,Nico Hernández
UnitedStates,Olivia Smoliga
UnitedStates,Paul George
UnitedStates,Paul Kipkemoi Chelimo
UnitedStates,Phyllis Francis
UnitedStates,Race Imboden
UnitedStates,Rachael Adams
UnitedStates,Rachel Fattal
UnitedStates,Rajeev Ram
UnitedStates,Ryan Crouser
UnitedStates,Ryan Held
UnitedStates,Ryan Lochte
UnitedStates,Ryan Murphy
UnitedStates,Sam Dorman
UnitedStates,Sam Kendricks
UnitedStates,Samantha Hill
UnitedStates,Sandi Morris
UnitedStates,Sarah Hammer
UnitedStates,Sarah Robles
UnitedStates,Seimone Augustus
UnitedStates,Shakur Stevenson
UnitedStates,Simone Biles
UnitedStates,Simone Manuel
UnitedStates,Steele Johnson
UnitedStates,Steffen Peters
UnitedStates,Steve Johnson
UnitedStates,Sue Bird
UnitedStates,Sylvia Fowles
UnitedStates,Tamika Catchings
UnitedStates,Taylor Ellis-Watson
UnitedStates,Taylor Sander
UnitedStates,Tessa Gobbo
UnitedStates,Thomas Jaeschke
UnitedStates,Tianna Bartoletta
UnitedStates,Tina Charles
UnitedStates,Tom Shields
UnitedStates,Tony McQuay
UnitedStates,Tori Bowie
UnitedStates,Townley Haas
UnitedStates,Travis Stevens
UnitedStates,Venus Williams
UnitedStates,Virginia Thrasher
UnitedStates,Will Claye
UnitedStates,William Priddy
UnitedStates,Zach Garrett
Uzbekistan,Bektemir Melikuziev
Uzbekistan,Diyorbek Urozboev
Uzbekistan,Elmurat Tasmuradov
Uzbekistan,Fazliddin Gaibnazarov
Uzbekistan,Hasanboy Dusmatov
Uzbekistan,Ikhtiyor Navruzov
Uzbekistan,Magomed Ibragimov
Uzbekistan,Murodjon Akhmadaliev
Uzbekistan,Rishod Sobirov
Uzbekistan,Ruslan Nurudinov
Uzbekistan,Rustam Tulaganov
Uzbekistan,Shakhobidin Zoirov
Uzbekistan,Shakhram Giyasov
Venezuela,Stefany Hernandez
Venezuela,Yoel Finol
Venezuela,Yulimar Rojas
Vietnam,Hoàng Xuân Vinh
